Route Number,Total Trains in Route,Segment Number,Train Number,Train Name,From Station,Departure Time,To Station,Arrival Time,Segment Distance (km),Segment Duration (hrs),Seat Availability,Waiting Time Before Segment (hrs),Total Route Distance (km),Total Route Duration,Estimated Cost (â‚¹)
1,2,1,12625,KERALA EXPRE,PGT,18:45:00,NDLS,13:45:00,2643.0,45.57,1,0.0,3100.0,55h 12m,3100.0
1,2,2,19804,SVDK-KOTA WE,NDLS,14:15:00,KOTA,23:50:00,457.0,9.14,0,0.5,3100.0,55h 12m,3100.0
2,2,1,12625,KERALA EXPRE,PGT,18:45:00,NDLS,13:45:00,2643.0,45.57,1,0.0,3100.0,68h 37m,3100.0
2,2,2,19806,UHP-KOTA WEE,NDLS,03:40:00,KOTA,11:10:00,457.0,9.14,1,13.92,3100.0,68h 37m,3100.0
3,2,1,12643,NIZAMUDDIN E,PGT,21:30:00,NZM,17:10:00,2635.0,45.43,1,0.0,3085.0,74h 30m,3085.0
3,2,2,12060,KOTA JANSHTB,NZM,13:15:00,KOTA,20:00:00,450.0,9.0,1,20.08,3085.0,74h 30m,3085.0
4,2,1,12643,NIZAMUDDIN E,PGT,21:30:00,NZM,17:10:00,2635.0,45.43,1,0.0,3085.0,65h 10m,3085.0
4,2,2,19806,UHP-KOTA WEE,NZM,03:55:00,KOTA,11:10:00,450.0,9.0,1,10.75,3085.0,65h 10m,3085.0
5,2,1,16317,CAPE-SVDK HI,PGT,23:50:00,SVDK,15:20:00,3315.0,57.16,1,0.0,4442.0,82h 31m,4442.0
5,2,2,19804,SVDK-KOTA WE,SVDK,21:55:00,KOTA,23:50:00,1127.0,18.78,0,6.58,4442.0,82h 31m,4442.0
6,2,1,16359,ERS PATNA EX,PGT,02:05:00,PNBE,09:50:00,2837.0,48.91,0,0.0,4082.0,71h 39m,4082.0
6,2,2,13237,PNBE- KOTA,PNBE,11:50:00,KOTA,12:55:00,1245.0,20.75,1,2.0,4082.0,71h 39m,4082.0
7,2,1,16359,ERS PATNA EX,PGT,02:05:00,PNBE,09:50:00,2837.0,48.91,0,0.0,4035.0,70h 52m,4035.0
7,2,2,13239,PNBE-KOTA EX,PNBE,11:50:00,KOTA,12:55:00,1198.0,19.97,1,2.0,4035.0,70h 52m,4035.0
8,2,1,22476,CBE BKN AC S,PGT,16:20:00,BKN,12:25:00,2428.0,41.86,0,0.0,3049.0,63h 49m,3049.0
8,2,2,22982,KOTA-HMH -KO,BKN,23:05:00,KOTA,09:50:00,621.0,11.29,1,10.67,3049.0,63h 49m,3049.0
9,2,1,12625,KERALA EXPRE,PGT,18:45:00,NDLS,13:45:00,2643.0,45.57,1,0.0,3100.0,55h 12m,3100.0
9,2,2,19804,SVDK-KOTA WE,NDLS,14:15:00,KOTA,23:50:00,457.0,9.14,0,0.5,3100.0,55h 12m,3100.0
10,2,1,12625,KERALA EXPRE,PGT,18:45:00,NDLS,13:45:00,2643.0,45.57,1,0.0,3100.0,68h 37m,3100.0
10,2,2,19806,UHP-KOTA WEE,NDLS,03:40:00,KOTA,11:10:00,457.0,9.14,1,13.92,3100.0,68h 37m,3100.0
11,2,1,12643,NIZAMUDDIN E,PGT,21:30:00,NZM,17:10:00,2635.0,45.43,1,0.0,3085.0,74h 30m,3085.0
11,2,2,12060,KOTA JANSHTB,NZM,13:15:00,KOTA,20:00:00,450.0,9.0,1,20.08,3085.0,74h 30m,3085.0
12,2,1,12643,NIZAMUDDIN E,PGT,21:30:00,NZM,17:10:00,2635.0,45.43,1,0.0,3085.0,65h 10m,3085.0
12,2,2,19806,UHP-KOTA WEE,NZM,03:55:00,KOTA,11:10:00,450.0,9.0,1,10.75,3085.0,65h 10m,3085.0
13,2,1,16317,CAPE-SVDK HI,PGT,23:50:00,SVDK,15:20:00,3315.0,57.16,1,0.0,4442.0,82h 31m,4442.0
13,2,2,19804,SVDK-KOTA WE,SVDK,21:55:00,KOTA,23:50:00,1127.0,18.78,0,6.58,4442.0,82h 31m,4442.0
14,2,1,16359,ERS PATNA EX,PGT,02:05:00,PNBE,09:50:00,2837.0,48.91,0,0.0,4082.0,71h 39m,4082.0
14,2,2,13237,PNBE- KOTA,PNBE,11:50:00,KOTA,12:55:00,1245.0,20.75,1,2.0,4082.0,71h 39m,4082.0
15,2,1,16359,ERS PATNA EX,PGT,02:05:00,PNBE,09:50:00,2837.0,48.91,0,0.0,4035.0,70h 52m,4035.0
15,2,2,13239,PNBE-KOTA EX,PNBE,11:50:00,KOTA,12:55:00,1198.0,19.97,1,2.0,4035.0,70h 52m,4035.0
16,2,1,22476,CBE BKN AC S,PGT,16:20:00,BKN,12:25:00,2428.0,41.86,0,0.0,3049.0,63h 49m,3049.0
16,2,2,22982,KOTA-HMH -KO,BKN,23:05:00,KOTA,09:50:00,621.0,11.29,1,10.67,3049.0,63h 49m,3049.0
17,3,1,12258,KCVL-YPR EXP,PGT,00:15:00,YPR,09:30:00,436.0,8.72,1,0.0,3680.0,81h 43m,3680.0
17,3,2,12539,YPR-LKO EXPR,YPR,10:50:00,LKO,08:50:00,2548.0,43.93,1,1.33,3680.0,81h 43m,3680.0
17,3,3,13237,PNBE- KOTA,LKO,23:55:00,KOTA,12:55:00,696.0,12.65,1,15.08,3680.0,81h 43m,3680.0
18,3,1,12258,KCVL-YPR EXP,PGT,00:15:00,YPR,09:30:00,436.0,8.72,1,0.0,3681.0,81h 44m,3681.0
18,3,2,12539,YPR-LKO EXPR,YPR,10:50:00,LKO,08:50:00,2548.0,43.93,1,1.33,3681.0,81h 44m,3681.0
18,3,3,13239,PNBE-KOTA EX,LKO,23:55:00,KOTA,12:55:00,697.0,12.67,1,15.08,3681.0,81h 44m,3681.0
19,3,1,12258,KCVL-YPR EXP,PGT,00:15:00,YPR,09:30:00,436.0,8.72,1,0.0,4011.0,75h 21m,4011.0
19,3,2,16229,MYS-BSB BI-W,YPR,10:25:00,BSB,12:00:00,2555.0,44.05,1,0.92,4011.0,75h 21m,4011.0
19,3,3,13237,PNBE- KOTA,BSB,16:40:00,KOTA,12:55:00,1020.0,17.0,1,4.67,4011.0,75h 21m,4011.0
20,3,1,12258,KCVL-YPR EXP,PGT,00:15:00,YPR,09:30:00,436.0,8.72,1,0.0,3964.0,76h 2m,3964.0
20,3,2,16229,MYS-BSB BI-W,YPR,10:25:00,BSB,12:00:00,2555.0,44.05,1,0.92,3964.0,76h 2m,3964.0
20,3,3,13239,PNBE-KOTA EX,BSB,16:40:00,KOTA,12:55:00,973.0,17.69,1,4.67,3964.0,76h 2m,3964.0
21,3,1,12258,KCVL-YPR EXP,PGT,00:15:00,YPR,09:30:00,436.0,8.72,1,0.0,3115.0,76h 1m,3115.0
21,3,2,82653,YPR-JP WEEKL,YPR,11:30:00,JP,06:35:00,2440.0,42.07,0,2.0,3115.0,76h 1m,3115.0
21,3,3,19808,JP-KOTA EXP,JP,00:30:00,KOTA,05:20:00,239.0,5.31,1,17.92,3115.0,76h 1m,3115.0
22,3,1,12258,KCVL-YPR EXP,PGT,00:15:00,YPR,09:30:00,436.0,8.72,1,0.0,3115.0,81h 11m,3115.0
22,3,2,82653,YPR-JP WEEKL,YPR,11:30:00,JP,06:35:00,2440.0,42.07,0,2.0,3115.0,81h 11m,3115.0
22,3,3,22982,KOTA-HMH -KO,JP,05:40:00,KOTA,09:50:00,239.0,5.31,1,23.08,3115.0,81h 11m,3115.0
23,3,1,12512,RAPTISAGAR E,PGT,14:05:00,GKP,15:20:00,2889.0,49.81,1,0.0,3959.0,107h 40m,3959.0
23,3,2,11123,BARAUNI-GWL,GKP,05:05:00,GWL,20:55:00,658.0,11.96,1,13.75,3959.0,107h 40m,3959.0
23,3,3,59822,BHIND-KOTA P,GWL,20:50:00,KOTA,09:45:00,412.0,8.24,0,23.92,3959.0,107h 40m,3959.0
24,3,1,12512,RAPTISAGAR E,PGT,14:05:00,GKP,15:20:00,2889.0,49.81,1,0.0,5155.0,122h 9m,5155.0
24,3,2,12491,MOURDHWAJ EX,GKP,14:00:00,JAT,11:50:00,1216.0,20.27,1,22.67,5155.0,122h 9m,5155.0
24,3,3,19804,SVDK-KOTA WE,JAT,23:45:00,KOTA,23:50:00,1050.0,17.5,0,11.92,5155.0,122h 9m,5155.0
25,3,1,12512,RAPTISAGAR E,PGT,14:05:00,GKP,15:20:00,2889.0,49.81,1,0.0,5138.0,114h 12m,5138.0
25,3,2,12491,MOURDHWAJ EX,GKP,14:00:00,JAT,11:50:00,1216.0,20.27,1,22.67,5138.0,114h 12m,5138.0
25,3,3,19806,UHP-KOTA WEE,JAT,16:05:00,KOTA,11:10:00,1033.0,17.22,1,4.25,5138.0,114h 12m,5138.0
26,3,1,12512,RAPTISAGAR E,PGT,14:05:00,GKP,15:20:00,2889.0,49.81,1,0.0,4888.0,110h 27m,4888.0
26,3,2,15909,AVADH ASSAM,GKP,23:55:00,LGH,04:30:00,1374.0,22.9,1,8.58,4888.0,110h 27m,4888.0
26,3,3,22982,KOTA-HMH -KO,LGH,22:18:00,KOTA,09:50:00,625.0,11.36,1,17.8,4888.0,110h 27m,4888.0
27,3,1,12512,RAPTISAGAR E,PGT,14:05:00,GKP,15:20:00,2889.0,49.81,1,0.0,3911.0,103h 58m,3911.0
27,3,2,22531,chhapra-math,GKP,08:30:00,MTJ,21:30:00,702.0,12.76,1,17.17,3911.0,103h 58m,3911.0
27,3,3,12060,KOTA JANSHTB,MTJ,15:20:00,KOTA,20:00:00,320.0,6.4,1,17.83,3911.0,103h 58m,3911.0
28,3,1,12512,RAPTISAGAR E,PGT,14:05:00,GKP,15:20:00,2889.0,49.81,1,0.0,3911.0,96h 23m,3911.0
28,3,2,22531,chhapra-math,GKP,08:30:00,MTJ,21:30:00,702.0,12.76,1,17.17,3911.0,96h 23m,3911.0
28,3,3,13237,PNBE- KOTA,MTJ,07:45:00,KOTA,12:55:00,320.0,6.4,1,10.25,3911.0,96h 23m,3911.0
29,3,1,12512,RAPTISAGAR E,PGT,14:05:00,GKP,15:20:00,2889.0,49.81,1,0.0,3911.0,96h 23m,3911.0
29,3,2,22531,chhapra-math,GKP,08:30:00,MTJ,21:30:00,702.0,12.76,1,17.17,3911.0,96h 23m,3911.0
29,3,3,13239,PNBE-KOTA EX,MTJ,07:45:00,KOTA,12:55:00,320.0,6.4,1,10.25,3911.0,96h 23m,3911.0
30,3,1,12512,RAPTISAGAR E,PGT,14:05:00,GKP,15:20:00,2889.0,49.81,1,0.0,3911.0,106h 48m,3911.0
30,3,2,22531,chhapra-math,GKP,08:30:00,MTJ,21:30:00,702.0,12.76,1,17.17,3911.0,106h 48m,3911.0
30,3,3,19804,SVDK-KOTA WE,MTJ,18:10:00,KOTA,23:50:00,320.0,6.4,0,20.67,3911.0,106h 48m,3911.0
31,3,1,12512,RAPTISAGAR E,PGT,14:05:00,GKP,15:20:00,2889.0,49.81,1,0.0,3911.0,94h 58m,3911.0
31,3,2,22531,chhapra-math,GKP,08:30:00,MTJ,21:30:00,702.0,12.76,1,17.17,3911.0,94h 58m,3911.0
31,3,3,19806,UHP-KOTA WEE,MTJ,06:20:00,KOTA,11:10:00,320.0,6.4,1,8.83,3911.0,94h 58m,3911.0
32,3,1,12512,RAPTISAGAR E,PGT,14:05:00,GKP,15:20:00,2889.0,49.81,1,0.0,3884.0,91h 29m,3884.0
32,3,2,55001,GKP-AY PASSE,GKP,07:40:00,AY,13:15:00,164.0,3.64,1,16.33,3884.0,91h 29m,3884.0
32,3,3,13237,PNBE- KOTA,AY,19:51:00,KOTA,12:55:00,831.0,15.11,1,6.6,3884.0,91h 29m,3884.0
33,3,1,12522,RAPTI SAGAR,PGT,14:05:00,BJU,22:50:00,3285.0,56.64,1,0.0,4635.0,89h 3m,4635.0
33,3,2,13205,SHC-DNR JANH,BJU,01:50:00,DNR,06:15:00,114.0,3.0,0,3.0,4635.0,89h 3m,4635.0
33,3,3,13237,PNBE- KOTA,DNR,12:04:00,KOTA,12:55:00,1236.0,20.6,1,5.82,4635.0,89h 3m,4635.0
34,3,1,12522,RAPTI SAGAR,PGT,14:05:00,BJU,22:50:00,3285.0,56.64,1,0.0,4588.0,88h 16m,4588.0
34,3,2,13205,SHC-DNR JANH,BJU,01:50:00,DNR,06:15:00,114.0,3.0,0,3.0,4588.0,88h 16m,4588.0
34,3,3,13239,PNBE-KOTA EX,DNR,12:04:00,KOTA,12:55:00,1189.0,19.82,1,5.82,4588.0,88h 16m,4588.0
35,3,1,12522,RAPTI SAGAR,PGT,14:05:00,BJU,22:50:00,3285.0,56.64,1,0.0,5235.0,112h 17m,5235.0
35,3,2,14523,MFP-UMB EXPR,BJU,05:00:00,UMB,07:55:00,1295.0,21.58,1,6.17,5235.0,112h 17m,5235.0
35,3,3,19806,UHP-KOTA WEE,UMB,23:55:00,KOTA,11:10:00,655.0,11.91,1,16.0,5235.0,112h 17m,5235.0
36,3,1,12625,KERALA EXPRE,PGT,18:45:00,NDLS,13:45:00,2643.0,45.57,1,0.0,3414.0,91h 1m,3414.0
36,3,2,11901,MTJ-KKDE EXP,NDLS,08:45:00,KKDE,12:40:00,157.0,3.49,1,19.0,3414.0,91h 1m,3414.0
36,3,3,19806,UHP-KOTA WEE,KKDE,00:28:00,KOTA,11:10:00,614.0,11.16,1,11.8,3414.0,91h 1m,3414.0
37,3,1,12625,KERALA EXPRE,PGT,18:45:00,NDLS,13:45:00,2643.0,45.57,1,0.0,3696.0,72h 19m,3696.0
37,3,2,12034,NDLS CNB SHA,NDLS,15:50:00,CNB,20:45:00,430.0,8.6,1,2.08,3696.0,72h 19m,3696.0
37,3,3,13237,PNBE- KOTA,CNB,01:30:00,KOTA,12:55:00,623.0,11.33,1,4.75,3696.0,72h 19m,3696.0
38,3,1,12625,KERALA EXPRE,PGT,18:45:00,NDLS,13:45:00,2643.0,45.57,1,0.0,3696.0,72h 19m,3696.0
38,3,2,12034,NDLS CNB SHA,NDLS,15:50:00,CNB,20:45:00,430.0,8.6,1,2.08,3696.0,72h 19m,3696.0
38,3,3,13239,PNBE-KOTA EX,CNB,01:30:00,KOTA,12:55:00,623.0,11.33,1,4.75,3696.0,72h 19m,3696.0
39,3,1,12625,KERALA EXPRE,PGT,18:45:00,NDLS,13:45:00,2643.0,45.57,1,0.0,3756.0,100h 29m,3756.0
39,3,2,12037,NDLS-LDH SHA,NDLS,07:00:00,LDH,12:25:00,328.0,6.56,1,17.25,3756.0,100h 29m,3756.0
39,3,3,19804,SVDK-KOTA WE,LDH,05:15:00,KOTA,23:50:00,785.0,14.27,0,16.83,3756.0,100h 29m,3756.0
40,3,1,12625,KERALA EXPRE,PGT,18:45:00,NDLS,13:45:00,2643.0,45.57,1,0.0,3740.0,92h 46m,3740.0
40,3,2,12037,NDLS-LDH SHA,NDLS,07:00:00,LDH,12:25:00,328.0,6.56,1,17.25,3740.0,92h 46m,3740.0
40,3,3,19806,UHP-KOTA WEE,LDH,21:50:00,KOTA,11:10:00,769.0,13.98,1,9.42,3740.0,92h 46m,3740.0
41,3,1,12625,KERALA EXPRE,PGT,18:45:00,NDLS,13:45:00,2643.0,45.57,1,0.0,4036.0,114h 40m,4036.0
41,3,2,12485,NED SGNR EXP,NDLS,13:30:00,SGNR,22:30:00,474.0,9.48,1,23.75,4036.0,114h 40m,4036.0
41,3,3,22982,KOTA-HMH -KO,SGNR,17:40:00,KOTA,09:50:00,919.0,16.71,1,19.17,4036.0,114h 40m,4036.0
42,3,1,12625,KERALA EXPRE,PGT,18:45:00,NDLS,13:45:00,2643.0,45.57,1,0.0,3207.0,69h 6m,3207.0
42,3,2,14212,AGC INTERCIT,NDLS,17:35:00,AGC,22:05:00,191.0,4.24,1,3.83,3207.0,69h 6m,3207.0
42,3,3,13237,PNBE- KOTA,AGC,06:05:00,KOTA,12:55:00,373.0,7.46,1,8.0,3207.0,69h 6m,3207.0
43,3,1,12625,KERALA EXPRE,PGT,18:45:00,NDLS,13:45:00,2643.0,45.57,1,0.0,3207.0,69h 6m,3207.0
43,3,2,14212,AGC INTERCIT,NDLS,17:35:00,AGC,22:05:00,191.0,4.24,1,3.83,3207.0,69h 6m,3207.0
43,3,3,13239,PNBE-KOTA EX,AGC,06:05:00,KOTA,12:55:00,373.0,7.46,1,8.0,3207.0,69h 6m,3207.0
44,3,1,12625,KERALA EXPRE,PGT,18:45:00,NDLS,13:45:00,2643.0,45.57,1,0.0,3242.0,100h 17m,3242.0
44,3,2,14323,ROK INTERCIT,NDLS,10:35:00,ROK,12:55:00,71.0,1.87,1,20.83,3242.0,100h 17m,3242.0
44,3,3,19804,SVDK-KOTA WE,ROK,11:20:00,KOTA,23:50:00,528.0,9.6,0,22.42,3242.0,100h 17m,3242.0
45,3,1,12625,KERALA EXPRE,PGT,18:45:00,NDLS,13:45:00,2643.0,45.57,1,0.0,4375.0,95h 8m,4375.0
45,3,2,19805,KOTA-UHP WEE,NDLS,23:20:00,UHP,12:15:00,629.0,11.44,1,9.58,4375.0,95h 8m,4375.0
45,3,3,19804,SVDK-KOTA WE,UHP,22:25:00,KOTA,23:50:00,1103.0,18.38,0,10.17,4375.0,95h 8m,4375.0
46,3,1,12625,KERALA EXPRE,PGT,18:45:00,NDLS,13:45:00,2643.0,45.57,1,0.0,4358.0,87h 1m,4358.0
46,3,2,19805,KOTA-UHP WEE,NDLS,23:20:00,UHP,12:15:00,629.0,11.44,1,9.58,4358.0,87h 1m,4358.0
46,3,3,19806,UHP-KOTA WEE,UHP,14:35:00,KOTA,11:10:00,1086.0,18.1,1,2.33,4358.0,87h 1m,4358.0
47,3,1,12625,KERALA EXPRE,PGT,18:45:00,NDLS,13:45:00,2643.0,45.57,1,0.0,3188.0,90h 51m,3188.0
47,3,2,64003,NDLS-SNP 12C,NDLS,05:00:00,SNP,06:10:00,44.0,1.16,1,15.25,3188.0,90h 51m,3188.0
47,3,3,19806,UHP-KOTA WEE,SNP,01:56:00,KOTA,11:10:00,501.0,9.11,1,19.77,3188.0,90h 51m,3188.0
48,3,1,12625,KERALA EXPRE,PGT,18:45:00,NDLS,13:45:00,2643.0,45.57,1,0.0,3279.0,67h 16m,3279.0
48,3,2,64471,GZB-PNP MEMU,NDLS,18:07:00,PNP,20:20:00,89.0,2.34,1,4.37,3279.0,67h 16m,3279.0
48,3,3,19806,UHP-KOTA WEE,PNP,01:23:00,KOTA,11:10:00,547.0,9.95,1,5.05,3279.0,67h 16m,3279.0
49,3,1,12625,KERALA EXPRE,PGT,18:45:00,NDLS,13:45:00,2643.0,45.57,1,0.0,3101.0,77h 47m,3101.0
49,3,2,64908,SSB-BVH-PWL,NDLS,06:30:00,BVH,07:35:00,33.0,0.87,1,16.75,3101.0,77h 47m,3101.0
49,3,3,12060,KOTA JANSHTB,BVH,13:41:00,KOTA,20:00:00,425.0,8.5,1,6.1,3101.0,77h 47m,3101.0
50,3,1,16359,ERS PATNA EX,PGT,02:05:00,PNBE,09:50:00,2837.0,48.91,0,0.0,4082.0,95h 15m,4082.0
50,3,2,63213,PNBE-ARA MEM,PNBE,17:15:00,ARA,18:50:00,49.0,1.29,1,7.42,4082.0,95h 15m,4082.0
50,3,3,13237,PNBE- KOTA,ARA,12:32:00,KOTA,12:55:00,1196.0,19.93,1,17.7,4082.0,95h 15m,4082.0
51,3,1,16359,ERS PATNA EX,PGT,02:05:00,PNBE,09:50:00,2837.0,48.91,0,0.0,4035.0,94h 28m,4035.0
51,3,2,63213,PNBE-ARA MEM,PNBE,17:15:00,ARA,18:50:00,49.0,1.29,1,7.42,4035.0,94h 28m,4035.0
51,3,3,13239,PNBE-KOTA EX,ARA,12:32:00,KOTA,12:55:00,1149.0,19.15,1,17.7,4035.0,94h 28m,4035.0
52,3,1,16359,ERS PATNA EX,PGT,02:05:00,PNBE,09:50:00,2837.0,48.91,0,0.0,4082.0,93h 30m,4082.0
52,3,2,63225,PNBE-MGS MEM,PNBE,12:05:00,MGS,19:15:00,207.0,4.6,1,2.25,4082.0,93h 30m,4082.0
52,3,3,13237,PNBE- KOTA,MGS,15:42:00,KOTA,12:55:00,1038.0,17.3,1,20.45,4082.0,93h 30m,4082.0
53,3,1,16359,ERS PATNA EX,PGT,02:05:00,PNBE,09:50:00,2837.0,48.91,0,0.0,4035.0,94h 13m,4035.0
53,3,2,63225,PNBE-MGS MEM,PNBE,12:05:00,MGS,19:15:00,207.0,4.6,1,2.25,4035.0,94h 13m,4035.0
53,3,3,13239,PNBE-KOTA EX,MGS,15:42:00,KOTA,12:55:00,991.0,18.02,1,20.45,4035.0,94h 13m,4035.0
54,3,1,16359,ERS PATNA EX,PGT,02:05:00,PNBE,09:50:00,2837.0,48.91,0,0.0,4083.0,92h 59m,4083.0
54,3,2,63261,FUT - BXR ME,PNBE,18:30:00,BXR,23:50:00,118.0,3.11,1,8.67,4083.0,92h 59m,4083.0
54,3,3,13237,PNBE- KOTA,BXR,13:20:00,KOTA,12:55:00,1128.0,18.8,1,13.5,4083.0,92h 59m,4083.0
55,3,1,16359,ERS PATNA EX,PGT,02:05:00,PNBE,09:50:00,2837.0,48.91,0,0.0,4036.0,92h 12m,4036.0
55,3,2,63261,FUT - BXR ME,PNBE,18:30:00,BXR,23:50:00,118.0,3.11,1,8.67,4036.0,92h 12m,4036.0
55,3,3,13239,PNBE-KOTA EX,BXR,13:20:00,KOTA,12:55:00,1081.0,18.02,1,13.5,4036.0,92h 12m,4036.0
56,3,1,16860,MAQ MS EXP,PGT,13:45:00,MS,04:15:00,632.0,11.49,1,0.0,3715.0,86h 0m,3715.0
56,3,2,16793,SHRADDHA SET,MS,13:00:00,FD,08:30:00,2259.0,38.95,0,8.75,3715.0,86h 0m,3715.0
56,3,3,13237,PNBE- KOTA,FD,20:20:00,KOTA,12:55:00,824.0,14.98,1,11.83,3715.0,86h 0m,3715.0
57,3,1,22476,CBE BKN AC S,PGT,16:20:00,BKN,12:25:00,2428.0,41.86,0,0.0,3412.0,64h 19m,3412.0
57,3,2,59706,JP-SOG PASSA,BKN,14:30:00,SOG,18:10:00,181.0,4.02,1,2.08,3412.0,64h 19m,3412.0
57,3,3,22982,KOTA-HMH -KO,SOG,19:55:00,KOTA,09:50:00,803.0,14.6,1,1.75,3412.0,64h 19m,3412.0
58,3,1,22646,AHILYANAGARI,PGT,14:05:00,INDB,05:15:00,2292.0,39.52,0,0.0,3434.0,84h 21m,3434.0
58,3,2,21125,INDORE BHIND,INDB,20:05:00,BIX,09:50:00,643.0,11.69,0,14.83,3434.0,84h 21m,3434.0
58,3,3,59822,BHIND-KOTA P,BIX,18:10:00,KOTA,09:45:00,499.0,9.98,0,8.33,3434.0,84h 21m,3434.0
59,3,1,22646,AHILYANAGARI,PGT,14:05:00,INDB,05:15:00,2292.0,39.52,0,0.0,2646.0,52h 40m,2646.0
59,3,2,59388,INDB - NAD P,INDB,08:05:00,NAD,12:45:00,133.0,3.5,1,2.83,2646.0,52h 40m,2646.0
59,3,3,59803,RTM-KOTA PAS,NAD,14:40:00,KOTA,19:45:00,221.0,4.91,1,1.92,2646.0,52h 40m,2646.0
60,3,1,22646,AHILYANAGARI,PGT,14:05:00,INDB,05:15:00,2292.0,39.52,0,0.0,2646.0,54h 15m,2646.0
60,3,2,59388,INDB - NAD P,INDB,08:05:00,NAD,12:45:00,133.0,3.5,1,2.83,2646.0,54h 15m,2646.0
60,3,3,59831,BRC-KOTA PAR,NAD,16:15:00,KOTA,22:30:00,221.0,4.91,1,3.5,2646.0,54h 15m,2646.0
61,3,1,22646,AHILYANAGARI,PGT,14:05:00,INDB,05:15:00,2292.0,39.52,0,0.0,2675.0,53h 45m,2675.0
61,3,2,79305,DADN RTM DEM,INDB,08:45:00,RTM,11:35:00,118.0,3.11,1,3.5,2675.0,53h 45m,2675.0
61,3,3,59803,RTM-KOTA PAS,RTM,13:20:00,KOTA,19:45:00,265.0,5.89,1,1.75,2675.0,53h 45m,2675.0
62,3,1,22646,AHILYANAGARI,PGT,14:05:00,INDB,05:15:00,2292.0,39.52,0,0.0,2676.0,55h 17m,2676.0
62,3,2,79305,DADN RTM DEM,INDB,08:45:00,RTM,11:35:00,118.0,3.11,1,3.5,2676.0,55h 17m,2676.0
62,3,3,59831,BRC-KOTA PAR,RTM,14:50:00,KOTA,22:30:00,266.0,5.91,1,3.25,2676.0,55h 17m,2676.0
63,2,1,12625,KERALA EXPRE,PGT,18:45:00,NDLS,13:45:00,2643.0,45.57,1,0.0,3100.0,55h 12m,3100.0
63,2,2,19804,SVDK-KOTA WE,NDLS,14:15:00,KOTA,23:50:00,457.0,9.14,0,0.5,3100.0,55h 12m,3100.0
64,2,1,12625,KERALA EXPRE,PGT,18:45:00,NDLS,13:45:00,2643.0,45.57,1,0.0,3100.0,68h 37m,3100.0
64,2,2,19806,UHP-KOTA WEE,NDLS,03:40:00,KOTA,11:10:00,457.0,9.14,1,13.92,3100.0,68h 37m,3100.0
65,2,1,12643,NIZAMUDDIN E,PGT,21:30:00,NZM,17:10:00,2635.0,45.43,1,0.0,3085.0,74h 30m,3085.0
65,2,2,12060,KOTA JANSHTB,NZM,13:15:00,KOTA,20:00:00,450.0,9.0,1,20.08,3085.0,74h 30m,3085.0
66,2,1,12643,NIZAMUDDIN E,PGT,21:30:00,NZM,17:10:00,2635.0,45.43,1,0.0,3085.0,65h 10m,3085.0
66,2,2,19806,UHP-KOTA WEE,NZM,03:55:00,KOTA,11:10:00,450.0,9.0,1,10.75,3085.0,65h 10m,3085.0
67,2,1,16317,CAPE-SVDK HI,PGT,23:50:00,SVDK,15:20:00,3315.0,57.16,1,0.0,4442.0,82h 31m,4442.0
67,2,2,19804,SVDK-KOTA WE,SVDK,21:55:00,KOTA,23:50:00,1127.0,18.78,0,6.58,4442.0,82h 31m,4442.0
68,2,1,16359,ERS PATNA EX,PGT,02:05:00,PNBE,09:50:00,2837.0,48.91,0,0.0,4082.0,71h 39m,4082.0
68,2,2,13237,PNBE- KOTA,PNBE,11:50:00,KOTA,12:55:00,1245.0,20.75,1,2.0,4082.0,71h 39m,4082.0
69,2,1,16359,ERS PATNA EX,PGT,02:05:00,PNBE,09:50:00,2837.0,48.91,0,0.0,4035.0,70h 52m,4035.0
69,2,2,13239,PNBE-KOTA EX,PNBE,11:50:00,KOTA,12:55:00,1198.0,19.97,1,2.0,4035.0,70h 52m,4035.0
70,2,1,22476,CBE BKN AC S,PGT,16:20:00,BKN,12:25:00,2428.0,41.86,0,0.0,3049.0,63h 49m,3049.0
70,2,2,22982,KOTA-HMH -KO,BKN,23:05:00,KOTA,09:50:00,621.0,11.29,1,10.67,3049.0,63h 49m,3049.0
71,3,1,12258,KCVL-YPR EXP,PGT,00:15:00,YPR,09:30:00,436.0,8.72,1,0.0,3680.0,81h 43m,3680.0
71,3,2,12539,YPR-LKO EXPR,YPR,10:50:00,LKO,08:50:00,2548.0,43.93,1,1.33,3680.0,81h 43m,3680.0
71,3,3,13237,PNBE- KOTA,LKO,23:55:00,KOTA,12:55:00,696.0,12.65,1,15.08,3680.0,81h 43m,3680.0
72,3,1,12258,KCVL-YPR EXP,PGT,00:15:00,YPR,09:30:00,436.0,8.72,1,0.0,3681.0,81h 44m,3681.0
72,3,2,12539,YPR-LKO EXPR,YPR,10:50:00,LKO,08:50:00,2548.0,43.93,1,1.33,3681.0,81h 44m,3681.0
72,3,3,13239,PNBE-KOTA EX,LKO,23:55:00,KOTA,12:55:00,697.0,12.67,1,15.08,3681.0,81h 44m,3681.0
73,3,1,12258,KCVL-YPR EXP,PGT,00:15:00,YPR,09:30:00,436.0,8.72,1,0.0,4011.0,75h 21m,4011.0
73,3,2,16229,MYS-BSB BI-W,YPR,10:25:00,BSB,12:00:00,2555.0,44.05,1,0.92,4011.0,75h 21m,4011.0
73,3,3,13237,PNBE- KOTA,BSB,16:40:00,KOTA,12:55:00,1020.0,17.0,1,4.67,4011.0,75h 21m,4011.0
74,3,1,12258,KCVL-YPR EXP,PGT,00:15:00,YPR,09:30:00,436.0,8.72,1,0.0,3964.0,76h 2m,3964.0
74,3,2,16229,MYS-BSB BI-W,YPR,10:25:00,BSB,12:00:00,2555.0,44.05,1,0.92,3964.0,76h 2m,3964.0
74,3,3,13239,PNBE-KOTA EX,BSB,16:40:00,KOTA,12:55:00,973.0,17.69,1,4.67,3964.0,76h 2m,3964.0
75,3,1,12258,KCVL-YPR EXP,PGT,00:15:00,YPR,09:30:00,436.0,8.72,1,0.0,3115.0,76h 1m,3115.0
75,3,2,82653,YPR-JP WEEKL,YPR,11:30:00,JP,06:35:00,2440.0,42.07,0,2.0,3115.0,76h 1m,3115.0
75,3,3,19808,JP-KOTA EXP,JP,00:30:00,KOTA,05:20:00,239.0,5.31,1,17.92,3115.0,76h 1m,3115.0
76,3,1,12258,KCVL-YPR EXP,PGT,00:15:00,YPR,09:30:00,436.0,8.72,1,0.0,3115.0,81h 11m,3115.0
76,3,2,82653,YPR-JP WEEKL,YPR,11:30:00,JP,06:35:00,2440.0,42.07,0,2.0,3115.0,81h 11m,3115.0
76,3,3,22982,KOTA-HMH -KO,JP,05:40:00,KOTA,09:50:00,239.0,5.31,1,23.08,3115.0,81h 11m,3115.0
77,3,1,12512,RAPTISAGAR E,PGT,14:05:00,GKP,15:20:00,2889.0,49.81,1,0.0,3959.0,107h 40m,3959.0
77,3,2,11123,BARAUNI-GWL,GKP,05:05:00,GWL,20:55:00,658.0,11.96,1,13.75,3959.0,107h 40m,3959.0
77,3,3,59822,BHIND-KOTA P,GWL,20:50:00,KOTA,09:45:00,412.0,8.24,0,23.92,3959.0,107h 40m,3959.0
78,3,1,12512,RAPTISAGAR E,PGT,14:05:00,GKP,15:20:00,2889.0,49.81,1,0.0,5155.0,122h 9m,5155.0
78,3,2,12491,MOURDHWAJ EX,GKP,14:00:00,JAT,11:50:00,1216.0,20.27,1,22.67,5155.0,122h 9m,5155.0
78,3,3,19804,SVDK-KOTA WE,JAT,23:45:00,KOTA,23:50:00,1050.0,17.5,0,11.92,5155.0,122h 9m,5155.0
79,3,1,12512,RAPTISAGAR E,PGT,14:05:00,GKP,15:20:00,2889.0,49.81,1,0.0,5138.0,114h 12m,5138.0
79,3,2,12491,MOURDHWAJ EX,GKP,14:00:00,JAT,11:50:00,1216.0,20.27,1,22.67,5138.0,114h 12m,5138.0
79,3,3,19806,UHP-KOTA WEE,JAT,16:05:00,KOTA,11:10:00,1033.0,17.22,1,4.25,5138.0,114h 12m,5138.0
80,3,1,12512,RAPTISAGAR E,PGT,14:05:00,GKP,15:20:00,2889.0,49.81,1,0.0,4888.0,110h 27m,4888.0
80,3,2,15909,AVADH ASSAM,GKP,23:55:00,LGH,04:30:00,1374.0,22.9,1,8.58,4888.0,110h 27m,4888.0
80,3,3,22982,KOTA-HMH -KO,LGH,22:18:00,KOTA,09:50:00,625.0,11.36,1,17.8,4888.0,110h 27m,4888.0
81,3,1,12512,RAPTISAGAR E,PGT,14:05:00,GKP,15:20:00,2889.0,49.81,1,0.0,3911.0,103h 58m,3911.0
81,3,2,22531,chhapra-math,GKP,08:30:00,MTJ,21:30:00,702.0,12.76,1,17.17,3911.0,103h 58m,3911.0
81,3,3,12060,KOTA JANSHTB,MTJ,15:20:00,KOTA,20:00:00,320.0,6.4,1,17.83,3911.0,103h 58m,3911.0
82,3,1,12512,RAPTISAGAR E,PGT,14:05:00,GKP,15:20:00,2889.0,49.81,1,0.0,3911.0,96h 23m,3911.0
82,3,2,22531,chhapra-math,GKP,08:30:00,MTJ,21:30:00,702.0,12.76,1,17.17,3911.0,96h 23m,3911.0
82,3,3,13237,PNBE- KOTA,MTJ,07:45:00,KOTA,12:55:00,320.0,6.4,1,10.25,3911.0,96h 23m,3911.0
83,3,1,12512,RAPTISAGAR E,PGT,14:05:00,GKP,15:20:00,2889.0,49.81,1,0.0,3911.0,96h 23m,3911.0
83,3,2,22531,chhapra-math,GKP,08:30:00,MTJ,21:30:00,702.0,12.76,1,17.17,3911.0,96h 23m,3911.0
83,3,3,13239,PNBE-KOTA EX,MTJ,07:45:00,KOTA,12:55:00,320.0,6.4,1,10.25,3911.0,96h 23m,3911.0
84,3,1,12512,RAPTISAGAR E,PGT,14:05:00,GKP,15:20:00,2889.0,49.81,1,0.0,3911.0,106h 48m,3911.0
84,3,2,22531,chhapra-math,GKP,08:30:00,MTJ,21:30:00,702.0,12.76,1,17.17,3911.0,106h 48m,3911.0
84,3,3,19804,SVDK-KOTA WE,MTJ,18:10:00,KOTA,23:50:00,320.0,6.4,0,20.67,3911.0,106h 48m,3911.0
85,3,1,12512,RAPTISAGAR E,PGT,14:05:00,GKP,15:20:00,2889.0,49.81,1,0.0,3911.0,94h 58m,3911.0
85,3,2,22531,chhapra-math,GKP,08:30:00,MTJ,21:30:00,702.0,12.76,1,17.17,3911.0,94h 58m,3911.0
85,3,3,19806,UHP-KOTA WEE,MTJ,06:20:00,KOTA,11:10:00,320.0,6.4,1,8.83,3911.0,94h 58m,3911.0
86,3,1,12512,RAPTISAGAR E,PGT,14:05:00,GKP,15:20:00,2889.0,49.81,1,0.0,3884.0,91h 29m,3884.0
86,3,2,55001,GKP-AY PASSE,GKP,07:40:00,AY,13:15:00,164.0,3.64,1,16.33,3884.0,91h 29m,3884.0
86,3,3,13237,PNBE- KOTA,AY,19:51:00,KOTA,12:55:00,831.0,15.11,1,6.6,3884.0,91h 29m,3884.0
87,3,1,12522,RAPTI SAGAR,PGT,14:05:00,BJU,22:50:00,3285.0,56.64,1,0.0,4635.0,89h 3m,4635.0
87,3,2,13205,SHC-DNR JANH,BJU,01:50:00,DNR,06:15:00,114.0,3.0,0,3.0,4635.0,89h 3m,4635.0
87,3,3,13237,PNBE- KOTA,DNR,12:04:00,KOTA,12:55:00,1236.0,20.6,1,5.82,4635.0,89h 3m,4635.0
88,3,1,12522,RAPTI SAGAR,PGT,14:05:00,BJU,22:50:00,3285.0,56.64,1,0.0,4588.0,88h 16m,4588.0
88,3,2,13205,SHC-DNR JANH,BJU,01:50:00,DNR,06:15:00,114.0,3.0,0,3.0,4588.0,88h 16m,4588.0
88,3,3,13239,PNBE-KOTA EX,DNR,12:04:00,KOTA,12:55:00,1189.0,19.82,1,5.82,4588.0,88h 16m,4588.0
89,3,1,12522,RAPTI SAGAR,PGT,14:05:00,BJU,22:50:00,3285.0,56.64,1,0.0,5235.0,112h 17m,5235.0
89,3,2,14523,MFP-UMB EXPR,BJU,05:00:00,UMB,07:55:00,1295.0,21.58,1,6.17,5235.0,112h 17m,5235.0
89,3,3,19806,UHP-KOTA WEE,UMB,23:55:00,KOTA,11:10:00,655.0,11.91,1,16.0,5235.0,112h 17m,5235.0
90,3,1,12625,KERALA EXPRE,PGT,18:45:00,NDLS,13:45:00,2643.0,45.57,1,0.0,3414.0,91h 1m,3414.0
90,3,2,11901,MTJ-KKDE EXP,NDLS,08:45:00,KKDE,12:40:00,157.0,3.49,1,19.0,3414.0,91h 1m,3414.0
90,3,3,19806,UHP-KOTA WEE,KKDE,00:28:00,KOTA,11:10:00,614.0,11.16,1,11.8,3414.0,91h 1m,3414.0
91,3,1,12625,KERALA EXPRE,PGT,18:45:00,NDLS,13:45:00,2643.0,45.57,1,0.0,3696.0,72h 19m,3696.0
91,3,2,12034,NDLS CNB SHA,NDLS,15:50:00,CNB,20:45:00,430.0,8.6,1,2.08,3696.0,72h 19m,3696.0
91,3,3,13237,PNBE- KOTA,CNB,01:30:00,KOTA,12:55:00,623.0,11.33,1,4.75,3696.0,72h 19m,3696.0
92,3,1,12625,KERALA EXPRE,PGT,18:45:00,NDLS,13:45:00,2643.0,45.57,1,0.0,3696.0,72h 19m,3696.0
92,3,2,12034,NDLS CNB SHA,NDLS,15:50:00,CNB,20:45:00,430.0,8.6,1,2.08,3696.0,72h 19m,3696.0
92,3,3,13239,PNBE-KOTA EX,CNB,01:30:00,KOTA,12:55:00,623.0,11.33,1,4.75,3696.0,72h 19m,3696.0
93,3,1,12625,KERALA EXPRE,PGT,18:45:00,NDLS,13:45:00,2643.0,45.57,1,0.0,3756.0,100h 29m,3756.0
93,3,2,12037,NDLS-LDH SHA,NDLS,07:00:00,LDH,12:25:00,328.0,6.56,1,17.25,3756.0,100h 29m,3756.0
93,3,3,19804,SVDK-KOTA WE,LDH,05:15:00,KOTA,23:50:00,785.0,14.27,0,16.83,3756.0,100h 29m,3756.0
94,3,1,12625,KERALA EXPRE,PGT,18:45:00,NDLS,13:45:00,2643.0,45.57,1,0.0,3740.0,92h 46m,3740.0
94,3,2,12037,NDLS-LDH SHA,NDLS,07:00:00,LDH,12:25:00,328.0,6.56,1,17.25,3740.0,92h 46m,3740.0
94,3,3,19806,UHP-KOTA WEE,LDH,21:50:00,KOTA,11:10:00,769.0,13.98,1,9.42,3740.0,92h 46m,3740.0
95,3,1,12625,KERALA EXPRE,PGT,18:45:00,NDLS,13:45:00,2643.0,45.57,1,0.0,4036.0,114h 40m,4036.0
95,3,2,12485,NED SGNR EXP,NDLS,13:30:00,SGNR,22:30:00,474.0,9.48,1,23.75,4036.0,114h 40m,4036.0
95,3,3,22982,KOTA-HMH -KO,SGNR,17:40:00,KOTA,09:50:00,919.0,16.71,1,19.17,4036.0,114h 40m,4036.0
96,3,1,12625,KERALA EXPRE,PGT,18:45:00,NDLS,13:45:00,2643.0,45.57,1,0.0,3207.0,69h 6m,3207.0
96,3,2,14212,AGC INTERCIT,NDLS,17:35:00,AGC,22:05:00,191.0,4.24,1,3.83,3207.0,69h 6m,3207.0
96,3,3,13237,PNBE- KOTA,AGC,06:05:00,KOTA,12:55:00,373.0,7.46,1,8.0,3207.0,69h 6m,3207.0
97,3,1,12625,KERALA EXPRE,PGT,18:45:00,NDLS,13:45:00,2643.0,45.57,1,0.0,3207.0,69h 6m,3207.0
97,3,2,14212,AGC INTERCIT,NDLS,17:35:00,AGC,22:05:00,191.0,4.24,1,3.83,3207.0,69h 6m,3207.0
97,3,3,13239,PNBE-KOTA EX,AGC,06:05:00,KOTA,12:55:00,373.0,7.46,1,8.0,3207.0,69h 6m,3207.0
98,3,1,12625,KERALA EXPRE,PGT,18:45:00,NDLS,13:45:00,2643.0,45.57,1,0.0,3242.0,100h 17m,3242.0
98,3,2,14323,ROK INTERCIT,NDLS,10:35:00,ROK,12:55:00,71.0,1.87,1,20.83,3242.0,100h 17m,3242.0
98,3,3,19804,SVDK-KOTA WE,ROK,11:20:00,KOTA,23:50:00,528.0,9.6,0,22.42,3242.0,100h 17m,3242.0
99,3,1,12625,KERALA EXPRE,PGT,18:45:00,NDLS,13:45:00,2643.0,45.57,1,0.0,4375.0,95h 8m,4375.0
99,3,2,19805,KOTA-UHP WEE,NDLS,23:20:00,UHP,12:15:00,629.0,11.44,1,9.58,4375.0,95h 8m,4375.0
99,3,3,19804,SVDK-KOTA WE,UHP,22:25:00,KOTA,23:50:00,1103.0,18.38,0,10.17,4375.0,95h 8m,4375.0
100,3,1,12625,KERALA EXPRE,PGT,18:45:00,NDLS,13:45:00,2643.0,45.57,1,0.0,4358.0,87h 1m,4358.0
100,3,2,19805,KOTA-UHP WEE,NDLS,23:20:00,UHP,12:15:00,629.0,11.44,1,9.58,4358.0,87h 1m,4358.0
100,3,3,19806,UHP-KOTA WEE,UHP,14:35:00,KOTA,11:10:00,1086.0,18.1,1,2.33,4358.0,87h 1m,4358.0
101,3,1,12625,KERALA EXPRE,PGT,18:45:00,NDLS,13:45:00,2643.0,45.57,1,0.0,3188.0,90h 51m,3188.0
101,3,2,64003,NDLS-SNP 12C,NDLS,05:00:00,SNP,06:10:00,44.0,1.16,1,15.25,3188.0,90h 51m,3188.0
101,3,3,19806,UHP-KOTA WEE,SNP,01:56:00,KOTA,11:10:00,501.0,9.11,1,19.77,3188.0,90h 51m,3188.0
102,3,1,12625,KERALA EXPRE,PGT,18:45:00,NDLS,13:45:00,2643.0,45.57,1,0.0,3279.0,67h 16m,3279.0
102,3,2,64471,GZB-PNP MEMU,NDLS,18:07:00,PNP,20:20:00,89.0,2.34,1,4.37,3279.0,67h 16m,3279.0
102,3,3,19806,UHP-KOTA WEE,PNP,01:23:00,KOTA,11:10:00,547.0,9.95,1,5.05,3279.0,67h 16m,3279.0
103,3,1,12625,KERALA EXPRE,PGT,18:45:00,NDLS,13:45:00,2643.0,45.57,1,0.0,3101.0,77h 47m,3101.0
103,3,2,64908,SSB-BVH-PWL,NDLS,06:30:00,BVH,07:35:00,33.0,0.87,1,16.75,3101.0,77h 47m,3101.0
103,3,3,12060,KOTA JANSHTB,BVH,13:41:00,KOTA,20:00:00,425.0,8.5,1,6.1,3101.0,77h 47m,3101.0
104,3,1,16359,ERS PATNA EX,PGT,02:05:00,PNBE,09:50:00,2837.0,48.91,0,0.0,4082.0,95h 15m,4082.0
104,3,2,63213,PNBE-ARA MEM,PNBE,17:15:00,ARA,18:50:00,49.0,1.29,1,7.42,4082.0,95h 15m,4082.0
104,3,3,13237,PNBE- KOTA,ARA,12:32:00,KOTA,12:55:00,1196.0,19.93,1,17.7,4082.0,95h 15m,4082.0
105,3,1,16359,ERS PATNA EX,PGT,02:05:00,PNBE,09:50:00,2837.0,48.91,0,0.0,4035.0,94h 28m,4035.0
105,3,2,63213,PNBE-ARA MEM,PNBE,17:15:00,ARA,18:50:00,49.0,1.29,1,7.42,4035.0,94h 28m,4035.0
105,3,3,13239,PNBE-KOTA EX,ARA,12:32:00,KOTA,12:55:00,1149.0,19.15,1,17.7,4035.0,94h 28m,4035.0
106,3,1,16359,ERS PATNA EX,PGT,02:05:00,PNBE,09:50:00,2837.0,48.91,0,0.0,4082.0,93h 30m,4082.0
106,3,2,63225,PNBE-MGS MEM,PNBE,12:05:00,MGS,19:15:00,207.0,4.6,1,2.25,4082.0,93h 30m,4082.0
106,3,3,13237,PNBE- KOTA,MGS,15:42:00,KOTA,12:55:00,1038.0,17.3,1,20.45,4082.0,93h 30m,4082.0
107,3,1,16359,ERS PATNA EX,PGT,02:05:00,PNBE,09:50:00,2837.0,48.91,0,0.0,4035.0,94h 13m,4035.0
107,3,2,63225,PNBE-MGS MEM,PNBE,12:05:00,MGS,19:15:00,207.0,4.6,1,2.25,4035.0,94h 13m,4035.0
107,3,3,13239,PNBE-KOTA EX,MGS,15:42:00,KOTA,12:55:00,991.0,18.02,1,20.45,4035.0,94h 13m,4035.0
108,3,1,16359,ERS PATNA EX,PGT,02:05:00,PNBE,09:50:00,2837.0,48.91,0,0.0,4083.0,92h 59m,4083.0
108,3,2,63261,FUT - BXR ME,PNBE,18:30:00,BXR,23:50:00,118.0,3.11,1,8.67,4083.0,92h 59m,4083.0
108,3,3,13237,PNBE- KOTA,BXR,13:20:00,KOTA,12:55:00,1128.0,18.8,1,13.5,4083.0,92h 59m,4083.0
109,3,1,16359,ERS PATNA EX,PGT,02:05:00,PNBE,09:50:00,2837.0,48.91,0,0.0,4036.0,92h 12m,4036.0
109,3,2,63261,FUT - BXR ME,PNBE,18:30:00,BXR,23:50:00,118.0,3.11,1,8.67,4036.0,92h 12m,4036.0
109,3,3,13239,PNBE-KOTA EX,BXR,13:20:00,KOTA,12:55:00,1081.0,18.02,1,13.5,4036.0,92h 12m,4036.0
110,3,1,16860,MAQ MS EXP,PGT,13:45:00,MS,04:15:00,632.0,11.49,1,0.0,3715.0,86h 0m,3715.0
110,3,2,16793,SHRADDHA SET,MS,13:00:00,FD,08:30:00,2259.0,38.95,0,8.75,3715.0,86h 0m,3715.0
110,3,3,13237,PNBE- KOTA,FD,20:20:00,KOTA,12:55:00,824.0,14.98,1,11.83,3715.0,86h 0m,3715.0
111,3,1,22476,CBE BKN AC S,PGT,16:20:00,BKN,12:25:00,2428.0,41.86,0,0.0,3412.0,64h 19m,3412.0
111,3,2,59706,JP-SOG PASSA,BKN,14:30:00,SOG,18:10:00,181.0,4.02,1,2.08,3412.0,64h 19m,3412.0
111,3,3,22982,KOTA-HMH -KO,SOG,19:55:00,KOTA,09:50:00,803.0,14.6,1,1.75,3412.0,64h 19m,3412.0
112,3,1,22646,AHILYANAGARI,PGT,14:05:00,INDB,05:15:00,2292.0,39.52,0,0.0,3434.0,84h 21m,3434.0
112,3,2,21125,INDORE BHIND,INDB,20:05:00,BIX,09:50:00,643.0,11.69,0,14.83,3434.0,84h 21m,3434.0
112,3,3,59822,BHIND-KOTA P,BIX,18:10:00,KOTA,09:45:00,499.0,9.98,0,8.33,3434.0,84h 21m,3434.0
113,3,1,22646,AHILYANAGARI,PGT,14:05:00,INDB,05:15:00,2292.0,39.52,0,0.0,2646.0,52h 40m,2646.0
113,3,2,59388,INDB - NAD P,INDB,08:05:00,NAD,12:45:00,133.0,3.5,1,2.83,2646.0,52h 40m,2646.0
113,3,3,59803,RTM-KOTA PAS,NAD,14:40:00,KOTA,19:45:00,221.0,4.91,1,1.92,2646.0,52h 40m,2646.0
114,3,1,22646,AHILYANAGARI,PGT,14:05:00,INDB,05:15:00,2292.0,39.52,0,0.0,2646.0,54h 15m,2646.0
114,3,2,59388,INDB - NAD P,INDB,08:05:00,NAD,12:45:00,133.0,3.5,1,2.83,2646.0,54h 15m,2646.0
114,3,3,59831,BRC-KOTA PAR,NAD,16:15:00,KOTA,22:30:00,221.0,4.91,1,3.5,2646.0,54h 15m,2646.0
115,3,1,22646,AHILYANAGARI,PGT,14:05:00,INDB,05:15:00,2292.0,39.52,0,0.0,2675.0,53h 45m,2675.0
115,3,2,79305,DADN RTM DEM,INDB,08:45:00,RTM,11:35:00,118.0,3.11,1,3.5,2675.0,53h 45m,2675.0
115,3,3,59803,RTM-KOTA PAS,RTM,13:20:00,KOTA,19:45:00,265.0,5.89,1,1.75,2675.0,53h 45m,2675.0
116,3,1,22646,AHILYANAGARI,PGT,14:05:00,INDB,05:15:00,2292.0,39.52,0,0.0,2676.0,55h 17m,2676.0
116,3,2,79305,DADN RTM DEM,INDB,08:45:00,RTM,11:35:00,118.0,3.11,1,3.5,2676.0,55h 17m,2676.0
116,3,3,59831,BRC-KOTA PAR,RTM,14:50:00,KOTA,22:30:00,266.0,5.91,1,3.25,2676.0,55h 17m,2676.0
117,4,1,12257,YPR-KCVL EXP,PGT,05:15:00,KCVL,13:00:00,362.0,7.24,1,0.0,4248.0,120h 45m,4248.0
117,4,2,12202,LTT GARIB RA,KCVL,08:45:00,LTT,11:45:00,1517.0,25.28,1,19.75,4248.0,120h 45m,4248.0
117,4,3,12143,LTT-SLN SF E,LTT,16:40:00,SLN,20:00:00,1540.0,25.67,1,4.92,4248.0,120h 45m,4248.0
117,4,4,13239,PNBE-KOTA EX,SLN,18:50:00,KOTA,12:55:00,829.0,15.07,1,22.83,4248.0,120h 45m,4248.0
118,4,1,12258,KCVL-YPR EXP,PGT,00:15:00,YPR,09:30:00,436.0,8.72,1,0.0,3726.0,111h 1m,3726.0
118,4,2,12193,YPR-JBP WEEK,YPR,15:50:00,JBP,22:15:00,1747.0,29.12,1,6.33,3726.0,111h 1m,3726.0
118,4,3,20904,MAHAMANA SUP,JBP,16:50:00,BRC,09:40:00,1016.0,16.93,0,18.58,3726.0,111h 1m,3726.0
118,4,4,59831,BRC-KOTA PAR,BRC,07:25:00,KOTA,22:30:00,527.0,9.58,1,21.75,3726.0,111h 1m,3726.0
119,4,1,12258,KCVL-YPR EXP,PGT,00:15:00,YPR,09:30:00,436.0,8.72,1,0.0,3275.0,103h 36m,3275.0
119,4,2,16210,AJMER EXPRES,YPR,22:05:00,AII,17:40:00,2136.0,36.83,0,12.58,3275.0,103h 36m,3275.0
119,4,3,12196,AII-AF INTER,AII,15:00:00,AF,21:40:00,375.0,7.5,1,21.33,3275.0,103h 36m,3275.0
119,4,4,59814,JAB-KOTA PAS,AF,07:45:00,KOTA,17:15:00,328.0,6.56,0,10.08,3275.0,103h 36m,3275.0
120,4,1,12258,KCVL-YPR EXP,PGT,00:15:00,YPR,09:30:00,436.0,8.72,1,0.0,2929.0,84h 58m,2929.0
120,4,2,16210,AJMER EXPRES,YPR,22:05:00,AII,17:40:00,2136.0,36.83,0,12.58,2929.0,84h 58m,2929.0
120,4,3,20902,LINK EXPRESS,AII,20:05:00,COR,23:15:00,185.0,4.11,0,2.42,2929.0,84h 58m,2929.0
120,4,4,29019,NMH - KOTA E,COR,15:45:00,KOTA,18:45:00,172.0,3.82,1,16.5,2929.0,84h 58m,2929.0
121,4,1,12258,KCVL-YPR EXP,PGT,00:15:00,YPR,09:30:00,436.0,8.72,1,0.0,2929.0,69h 18m,2929.0
121,4,2,16210,AJMER EXPRES,YPR,22:05:00,AII,17:40:00,2136.0,36.83,0,12.58,2929.0,69h 18m,2929.0
121,4,3,20902,LINK EXPRESS,AII,20:05:00,COR,23:15:00,185.0,4.11,0,2.42,2929.0,69h 18m,2929.0
121,4,4,59834,NMH-KOTA FAS,COR,00:05:00,KOTA,04:45:00,172.0,3.82,1,0.83,2929.0,69h 18m,2929.0
122,4,1,12258,KCVL-YPR EXP,PGT,00:15:00,YPR,09:30:00,436.0,8.72,1,0.0,4010.0,100h 9m,4010.0
122,4,2,16229,MYS-BSB BI-W,YPR,10:25:00,BSB,12:00:00,2555.0,44.05,1,0.92,4010.0,100h 9m,4010.0
122,4,3,54261,MGS-BSB-JNU,BSB,20:25:00,JNU,22:30:00,57.0,1.5,1,8.42,4010.0,100h 9m,4010.0
122,4,4,13237,PNBE- KOTA,JNU,17:34:00,KOTA,12:55:00,962.0,17.49,1,19.07,4010.0,100h 9m,4010.0
123,4,1,12258,KCVL-YPR EXP,PGT,00:15:00,YPR,09:30:00,436.0,8.72,1,0.0,3224.0,81h 11m,3224.0
123,4,2,82653,YPR-JP WEEKL,YPR,11:30:00,JP,06:35:00,2440.0,42.07,0,2.0,3224.0,81h 11m,3224.0
123,4,3,59714,JP - FL PASS,JP,18:45:00,FL,20:20:00,54.0,1.42,1,12.17,3224.0,81h 11m,3224.0
123,4,4,22982,KOTA-HMH -KO,FL,04:37:00,KOTA,09:50:00,294.0,6.53,1,8.28,3224.0,81h 11m,3224.0
124,4,1,12258,KCVL-YPR EXP,PGT,00:15:00,YPR,09:30:00,436.0,8.72,1,0.0,3389.0,67h 40m,3389.0
124,4,2,82653,YPR-JP WEEKL,YPR,11:30:00,JP,06:35:00,2440.0,42.07,0,2.0,3389.0,67h 40m,3389.0
124,4,3,59805,JP-BXN PASSE,JP,06:40:00,BXN,12:55:00,268.0,5.96,1,0.08,3389.0,67h 40m,3389.0
124,4,4,12060,KOTA JANSHTB,BXN,16:19:00,KOTA,20:00:00,245.0,5.44,1,3.4,3389.0,67h 40m,3389.0
125,4,1,12258,KCVL-YPR EXP,PGT,00:15:00,YPR,09:30:00,436.0,8.72,1,0.0,3389.0,84h 6m,3389.0
125,4,2,82653,YPR-JP WEEKL,YPR,11:30:00,JP,06:35:00,2440.0,42.07,0,2.0,3389.0,84h 6m,3389.0
125,4,3,59805,JP-BXN PASSE,JP,06:40:00,BXN,12:55:00,268.0,5.96,1,0.08,3389.0,84h 6m,3389.0
125,4,4,13237,PNBE- KOTA,BXN,08:45:00,KOTA,12:55:00,245.0,5.44,1,19.83,3389.0,84h 6m,3389.0
126,4,1,12258,KCVL-YPR EXP,PGT,00:15:00,YPR,09:30:00,436.0,8.72,1,0.0,3389.0,84h 6m,3389.0
126,4,2,82653,YPR-JP WEEKL,YPR,11:30:00,JP,06:35:00,2440.0,42.07,0,2.0,3389.0,84h 6m,3389.0
126,4,3,59805,JP-BXN PASSE,JP,06:40:00,BXN,12:55:00,268.0,5.96,1,0.08,3389.0,84h 6m,3389.0
126,4,4,13239,PNBE-KOTA EX,BXN,08:45:00,KOTA,12:55:00,245.0,5.44,1,19.83,3389.0,84h 6m,3389.0
127,4,1,12258,KCVL-YPR EXP,PGT,00:15:00,YPR,09:30:00,436.0,8.72,1,0.0,3388.0,70h 29m,3388.0
127,4,2,82653,YPR-JP WEEKL,YPR,11:30:00,JP,06:35:00,2440.0,42.07,0,2.0,3388.0,70h 29m,3388.0
127,4,3,59805,JP-BXN PASSE,JP,06:40:00,BXN,12:55:00,268.0,5.96,1,0.08,3388.0,70h 29m,3388.0
127,4,4,19804,SVDK-KOTA WE,BXN,19:09:00,KOTA,23:50:00,244.0,5.42,0,6.23,3388.0,70h 29m,3388.0
128,4,1,12258,KCVL-YPR EXP,PGT,00:15:00,YPR,09:30:00,436.0,8.72,1,0.0,3388.0,82h 45m,3388.0
128,4,2,82653,YPR-JP WEEKL,YPR,11:30:00,JP,06:35:00,2440.0,42.07,0,2.0,3388.0,82h 45m,3388.0
128,4,3,59805,JP-BXN PASSE,JP,06:40:00,BXN,12:55:00,268.0,5.96,1,0.08,3388.0,82h 45m,3388.0
128,4,4,19806,UHP-KOTA WEE,BXN,07:25:00,KOTA,11:10:00,244.0,5.42,1,18.5,3388.0,82h 45m,3388.0
129,4,1,12258,KCVL-YPR EXP,PGT,00:15:00,YPR,09:30:00,436.0,8.72,1,0.0,3388.0,86h 10m,3388.0
129,4,2,82653,YPR-JP WEEKL,YPR,11:30:00,JP,06:35:00,2440.0,42.07,0,2.0,3388.0,86h 10m,3388.0
129,4,3,59805,JP-BXN PASSE,JP,06:40:00,BXN,12:55:00,268.0,5.96,1,0.08,3388.0,86h 10m,3388.0
129,4,4,59814,JAB-KOTA PAS,BXN,10:50:00,KOTA,17:15:00,244.0,5.42,0,21.92,3388.0,86h 10m,3388.0
130,4,1,12512,RAPTISAGAR E,PGT,14:05:00,GKP,15:20:00,2889.0,49.81,1,0.0,4195.0,116h 19m,4195.0
130,4,2,11123,BARAUNI-GWL,GKP,05:05:00,GWL,20:55:00,658.0,11.96,1,13.75,4195.0,116h 19m,4195.0
130,4,3,51884,BIN-GWL PASS,GWL,08:30:00,BINA,17:45:00,345.0,6.9,1,11.58,4195.0,116h 19m,4195.0
130,4,4,51612,BINA-KOTA PA,BINA,10:00:00,KOTA,18:50:00,303.0,6.06,1,16.25,4195.0,116h 19m,4195.0
131,4,1,12512,RAPTISAGAR E,PGT,14:05:00,GKP,15:20:00,2889.0,49.81,1,0.0,4753.0,124h 9m,4753.0
131,4,2,12555,GORAKHDHAM E,GKP,16:35:00,HSR,10:00:00,952.0,17.31,0,1.25,4753.0,124h 9m,4753.0
131,4,3,54044,HSR-JIND PAS,HSR,05:00:00,JIND,14:50:00,327.0,6.54,1,19.0,4753.0,124h 9m,4753.0
131,4,4,19804,SVDK-KOTA WE,JIND,10:27:00,KOTA,23:50:00,585.0,10.64,0,19.62,4753.0,124h 9m,4753.0
132,4,1,12512,RAPTISAGAR E,PGT,14:05:00,GKP,15:20:00,2889.0,49.81,1,0.0,4711.0,102h 57m,4711.0
132,4,2,12555,GORAKHDHAM E,GKP,16:35:00,HSR,10:00:00,952.0,17.31,0,1.25,4711.0,102h 57m,4711.0
132,4,3,54631,DUI JHL HSR,HSR,18:10:00,DUI,21:35:00,147.0,3.87,1,8.17,4711.0,102h 57m,4711.0
132,4,4,19804,SVDK-KOTA WE,DUI,07:00:00,KOTA,23:50:00,723.0,13.15,0,9.42,4711.0,102h 57m,4711.0
133,4,1,12512,RAPTISAGAR E,PGT,14:05:00,GKP,15:20:00,2889.0,49.81,1,0.0,4784.0,119h 20m,4784.0
133,4,2,19602,NJP UDZ EXPR,GKP,22:10:00,UDZ,03:55:00,1498.0,24.97,1,6.83,4784.0,119h 20m,4784.0
133,4,3,59836,UDZ-NMH PASS,UDZ,14:15:00,NMH,20:05:00,169.0,3.76,0,10.33,4784.0,119h 20m,4784.0
133,4,4,29019,NMH - KOTA E,NMH,14:40:00,KOTA,18:45:00,228.0,5.07,1,18.58,4784.0,119h 20m,4784.0
134,4,1,12512,RAPTISAGAR E,PGT,14:05:00,GKP,15:20:00,2889.0,49.81,1,0.0,4783.0,103h 9m,4783.0
134,4,2,19602,NJP UDZ EXPR,GKP,22:10:00,UDZ,03:55:00,1498.0,24.97,1,6.83,4783.0,103h 9m,4783.0
134,4,3,59836,UDZ-NMH PASS,UDZ,14:15:00,NMH,20:05:00,169.0,3.76,0,10.33,4783.0,103h 9m,4783.0
134,4,4,59834,NMH-KOTA FAS,NMH,22:30:00,KOTA,04:45:00,227.0,5.04,1,2.42,4783.0,103h 9m,4783.0
135,4,1,12512,RAPTISAGAR E,PGT,14:05:00,GKP,15:20:00,2889.0,49.81,1,0.0,3911.0,126h 9m,3911.0
135,4,2,22531,chhapra-math,GKP,08:30:00,MTJ,21:30:00,702.0,12.76,1,17.17,3911.0,126h 9m,3911.0
135,4,3,54794,MTJ-SWM PASS,MTJ,14:00:00,SWM,19:45:00,212.0,4.71,0,16.5,3911.0,126h 9m,3911.0
135,4,4,12060,KOTA JANSHTB,SWM,18:07:00,KOTA,20:00:00,108.0,2.84,1,22.37,3911.0,126h 9m,3911.0
136,4,1,12512,RAPTISAGAR E,PGT,14:05:00,GKP,15:20:00,2889.0,49.81,1,0.0,3911.0,119h 2m,3911.0
136,4,2,22531,chhapra-math,GKP,08:30:00,MTJ,21:30:00,702.0,12.76,1,17.17,3911.0,119h 2m,3911.0
136,4,3,54794,MTJ-SWM PASS,MTJ,14:00:00,SWM,19:45:00,212.0,4.71,0,16.5,3911.0,119h 2m,3911.0
136,4,4,13237,PNBE- KOTA,SWM,11:00:00,KOTA,12:55:00,108.0,2.84,1,15.25,3911.0,119h 2m,3911.0
137,4,1,12512,RAPTISAGAR E,PGT,14:05:00,GKP,15:20:00,2889.0,49.81,1,0.0,3911.0,119h 2m,3911.0
137,4,2,22531,chhapra-math,GKP,08:30:00,MTJ,21:30:00,702.0,12.76,1,17.17,3911.0,119h 2m,3911.0
137,4,3,54794,MTJ-SWM PASS,MTJ,14:00:00,SWM,19:45:00,212.0,4.71,0,16.5,3911.0,119h 2m,3911.0
137,4,4,13239,PNBE-KOTA EX,SWM,11:00:00,KOTA,12:55:00,108.0,2.84,1,15.25,3911.0,119h 2m,3911.0
138,4,1,12512,RAPTISAGAR E,PGT,14:05:00,GKP,15:20:00,2889.0,49.81,1,0.0,3910.0,105h 21m,3910.0
138,4,2,22531,chhapra-math,GKP,08:30:00,MTJ,21:30:00,702.0,12.76,1,17.17,3910.0,105h 21m,3910.0
138,4,3,54794,MTJ-SWM PASS,MTJ,14:00:00,SWM,19:45:00,212.0,4.71,0,16.5,3910.0,105h 21m,3910.0
138,4,4,19804,SVDK-KOTA WE,SWM,21:20:00,KOTA,23:50:00,107.0,2.82,0,1.58,3910.0,105h 21m,3910.0
139,4,1,12512,RAPTISAGAR E,PGT,14:05:00,GKP,15:20:00,2889.0,49.81,1,0.0,3910.0,117h 28m,3910.0
139,4,2,22531,chhapra-math,GKP,08:30:00,MTJ,21:30:00,702.0,12.76,1,17.17,3910.0,117h 28m,3910.0
139,4,3,54794,MTJ-SWM PASS,MTJ,14:00:00,SWM,19:45:00,212.0,4.71,0,16.5,3910.0,117h 28m,3910.0
139,4,4,19806,UHP-KOTA WEE,SWM,09:27:00,KOTA,11:10:00,107.0,2.82,1,13.7,3910.0,117h 28m,3910.0
140,4,1,12512,RAPTISAGAR E,PGT,14:05:00,GKP,15:20:00,2889.0,49.81,1,0.0,3911.0,111h 12m,3911.0
140,4,2,22531,chhapra-math,GKP,08:30:00,MTJ,21:30:00,702.0,12.76,1,17.17,3911.0,111h 12m,3911.0
140,4,3,54794,MTJ-SWM PASS,MTJ,14:00:00,SWM,19:45:00,212.0,4.71,0,16.5,3911.0,111h 12m,3911.0
140,4,4,19808,JP-KOTA EXP,SWM,03:10:00,KOTA,05:20:00,108.0,2.84,1,7.42,3911.0,111h 12m,3911.0
141,4,1,12512,RAPTISAGAR E,PGT,14:05:00,GKP,15:20:00,2889.0,49.81,1,0.0,3911.0,115h 57m,3911.0
141,4,2,22531,chhapra-math,GKP,08:30:00,MTJ,21:30:00,702.0,12.76,1,17.17,3911.0,115h 57m,3911.0
141,4,3,54794,MTJ-SWM PASS,MTJ,14:00:00,SWM,19:45:00,212.0,4.71,0,16.5,3911.0,115h 57m,3911.0
141,4,4,22982,KOTA-HMH -KO,SWM,07:55:00,KOTA,09:50:00,108.0,2.84,1,12.17,3911.0,115h 57m,3911.0
142,4,1,12512,RAPTISAGAR E,PGT,14:05:00,GKP,15:20:00,2889.0,49.81,1,0.0,3910.0,122h 1m,3910.0
142,4,2,22531,chhapra-math,GKP,08:30:00,MTJ,21:30:00,702.0,12.76,1,17.17,3910.0,122h 1m,3910.0
142,4,3,54794,MTJ-SWM PASS,MTJ,14:00:00,SWM,19:45:00,212.0,4.71,0,16.5,3910.0,122h 1m,3910.0
142,4,4,59814,JAB-KOTA PAS,SWM,14:00:00,KOTA,17:15:00,107.0,2.82,0,18.25,3910.0,122h 1m,3910.0
143,4,1,12512,RAPTISAGAR E,PGT,14:05:00,GKP,15:20:00,2889.0,49.81,1,0.0,3940.0,127h 55m,3940.0
143,4,2,22531,chhapra-math,GKP,08:30:00,MTJ,21:30:00,702.0,12.76,1,17.17,3940.0,127h 55m,3940.0
143,4,3,55341,KSJ-BTE PASS,MTJ,20:50:00,BTE,23:00:00,62.0,1.63,1,23.33,3940.0,127h 55m,3940.0
143,4,4,12060,KOTA JANSHTB,BTE,15:50:00,KOTA,20:00:00,287.0,6.38,1,16.83,3940.0,127h 55m,3940.0
144,4,1,12512,RAPTISAGAR E,PGT,14:05:00,GKP,15:20:00,2889.0,49.81,1,0.0,3939.0,120h 18m,3939.0
144,4,2,22531,chhapra-math,GKP,08:30:00,MTJ,21:30:00,702.0,12.76,1,17.17,3939.0,120h 18m,3939.0
144,4,3,55341,KSJ-BTE PASS,MTJ,20:50:00,BTE,23:00:00,62.0,1.63,1,23.33,3939.0,120h 18m,3939.0
144,4,4,13237,PNBE- KOTA,BTE,08:15:00,KOTA,12:55:00,286.0,6.36,1,9.25,3939.0,120h 18m,3939.0
145,4,1,12512,RAPTISAGAR E,PGT,14:05:00,GKP,15:20:00,2889.0,49.81,1,0.0,3940.0,120h 20m,3940.0
145,4,2,22531,chhapra-math,GKP,08:30:00,MTJ,21:30:00,702.0,12.76,1,17.17,3940.0,120h 20m,3940.0
145,4,3,55341,KSJ-BTE PASS,MTJ,20:50:00,BTE,23:00:00,62.0,1.63,1,23.33,3940.0,120h 20m,3940.0
145,4,4,13239,PNBE-KOTA EX,BTE,08:15:00,KOTA,12:55:00,287.0,6.38,1,9.25,3940.0,120h 20m,3940.0
146,4,1,12512,RAPTISAGAR E,PGT,14:05:00,GKP,15:20:00,2889.0,49.81,1,0.0,3939.0,130h 42m,3939.0
146,4,2,22531,chhapra-math,GKP,08:30:00,MTJ,21:30:00,702.0,12.76,1,17.17,3939.0,130h 42m,3939.0
146,4,3,55341,KSJ-BTE PASS,MTJ,20:50:00,BTE,23:00:00,62.0,1.63,1,23.33,3939.0,130h 42m,3939.0
146,4,4,19804,SVDK-KOTA WE,BTE,18:39:00,KOTA,23:50:00,286.0,6.36,0,19.65,3939.0,130h 42m,3939.0
147,4,1,12512,RAPTISAGAR E,PGT,14:05:00,GKP,15:20:00,2889.0,49.81,1,0.0,3939.0,118h 58m,3939.0
147,4,2,22531,chhapra-math,GKP,08:30:00,MTJ,21:30:00,702.0,12.76,1,17.17,3939.0,118h 58m,3939.0
147,4,3,55341,KSJ-BTE PASS,MTJ,20:50:00,BTE,23:00:00,62.0,1.63,1,23.33,3939.0,118h 58m,3939.0
147,4,4,19806,UHP-KOTA WEE,BTE,06:55:00,KOTA,11:10:00,286.0,6.36,1,7.92,3939.0,118h 58m,3939.0
148,4,1,12522,RAPTI SAGAR,PGT,14:05:00,BJU,22:50:00,3285.0,56.64,1,0.0,4593.0,113h 20m,4593.0
148,4,2,13105,SDAH BUI EXP,BJU,23:55:00,BUI,06:10:00,212.0,4.71,1,1.08,4593.0,113h 20m,4593.0
148,4,3,55137,BUI - SHG  P,BUI,05:25:00,SHG,11:15:00,167.0,3.71,1,23.25,4593.0,113h 20m,4593.0
148,4,4,13237,PNBE- KOTA,SHG,18:18:00,KOTA,12:55:00,929.0,16.89,1,7.05,4593.0,113h 20m,4593.0
149,4,1,12522,RAPTI SAGAR,PGT,14:05:00,BJU,22:50:00,3285.0,56.64,1,0.0,5154.0,119h 41m,5154.0
149,4,2,15483,SIKKIM MAHAN,BJU,23:05:00,DLI,22:40:00,1090.0,18.17,1,0.25,5154.0,119h 41m,5154.0
149,4,3,54033,DELHI JIND P,DLI,17:25:00,NRW,22:25:00,160.0,3.56,1,18.75,5154.0,119h 41m,5154.0
149,4,4,19804,SVDK-KOTA WE,NRW,09:30:00,KOTA,23:50:00,619.0,11.25,0,11.08,5154.0,119h 41m,5154.0
150,4,1,12522,RAPTI SAGAR,PGT,14:05:00,BJU,22:50:00,3285.0,56.64,1,0.0,5231.0,119h 35m,5231.0
150,4,2,15483,SIKKIM MAHAN,BJU,23:05:00,DLI,22:40:00,1090.0,18.17,1,0.25,5231.0,119h 35m,5231.0
150,4,3,54035,DELHI JIND J,DLI,15:40:00,JHL,21:40:00,199.0,4.42,1,17.0,5231.0,119h 35m,5231.0
150,4,4,19804,SVDK-KOTA WE,JHL,08:50:00,KOTA,23:50:00,657.0,11.95,0,11.17,5231.0,119h 35m,5231.0
151,4,1,12522,RAPTI SAGAR,PGT,14:05:00,BJU,22:50:00,3285.0,56.64,1,0.0,4980.0,112h 6m,4980.0
151,4,2,15483,SIKKIM MAHAN,BJU,23:05:00,DLI,22:40:00,1090.0,18.17,1,0.25,4980.0,112h 6m,4980.0
151,4,3,64584,DLI-TDL MEMU,DLI,12:55:00,TDL,18:10:00,203.0,4.51,1,14.25,4980.0,112h 6m,4980.0
151,4,4,13237,PNBE- KOTA,TDL,04:25:00,KOTA,12:55:00,402.0,8.04,1,10.25,4980.0,112h 6m,4980.0
152,4,1,12522,RAPTI SAGAR,PGT,14:05:00,BJU,22:50:00,3285.0,56.64,1,0.0,4980.0,112h 6m,4980.0
152,4,2,15483,SIKKIM MAHAN,BJU,23:05:00,DLI,22:40:00,1090.0,18.17,1,0.25,4980.0,112h 6m,4980.0
152,4,3,64584,DLI-TDL MEMU,DLI,12:55:00,TDL,18:10:00,203.0,4.51,1,14.25,4980.0,112h 6m,4980.0
152,4,4,13239,PNBE-KOTA EX,TDL,04:25:00,KOTA,12:55:00,402.0,8.04,1,10.25,4980.0,112h 6m,4980.0
153,4,1,12643,NIZAMUDDIN E,PGT,21:30:00,NZM,17:10:00,2635.0,45.43,1,0.0,4536.0,120h 51m,4536.0
153,4,2,12912,HW BL SUP EX,NZM,23:35:00,BL,18:20:00,1176.0,19.6,1,6.42,4536.0,120h 51m,4536.0
153,4,3,12929,BL-DHD INTER,BL,07:15:00,DHD,13:25:00,344.0,6.88,1,12.92,4536.0,120h 51m,4536.0
153,4,4,59831,BRC-KOTA PAR,DHD,11:25:00,KOTA,22:30:00,381.0,7.62,1,22.0,4536.0,120h 51m,4536.0
